/* Ultima esercitazione di SQL per il Corso Epicode: Riempimento dei record utilizzando valori casuali da Excel */

USE Epicode_ToysGroup;

Insert into	Category					
(	ID_Categoria	,	Nome_Categoria	)		
Values						
(	1	,	"	Comp_Elettrico	"	),
(	2	,	"	Comp_Meccanico	"	),
(	3	,	"	Comp_elettro_mecc	"	)
;

Insert into	Product												
(	ID_prodotto	,	Nome_Prodotto	,	Costo_acquisto	,	Prezzo_vendita	,	ID_Categoria			)	
Values													
(	1	,	"	Resistenza	"	,	5	,	6.5	,	1	)	,
(	2	,	"	Condensatore	"	,	10	,	13	,	1	)	,
(	3	,	"	Trasformatore	"	,	23.5	,	30.55	,	1	)	,
(	4	,	"	Vite	"	,	0.15	,	0.195	,	2	)	,
(	5	,	"	Bullone	"	,	0.15	,	0.195	,	2	)	,
(	6	,	"	Molla	"	,	20	,	26	,	2	)	,
(	7	,	"	Motore elettrico	"	,	120.5	,	156.65	,	3	)	,
(	8	,	"	Interruttore	"	,	14	,	18.2	,	3	)	,
(	9	,	"	Valvola	"	,	56.7	,	73.71	,	3	)	,
(	10	,	"	Caricabatterie	"	,	25.5	,	33.15	,	3	)	

;

Insert into	Region						
(	ID_regione	,	Nome_regione	)			
Values							
(	1	,	"	 Abruzzo	"	)	,
(	2	,	"	 Basilicata	"	)	,
(	3	,	"	 Calabria	"	)	,
(	4	,	"	 Campania	"	)	,
(	5	,	"	 Emilia-Romagna	"	)	,
(	6	,	"	 Friuli-Venezia Giulia	"	)	,
(	7	,	"	 Lazio	"	)	,
(	8	,	"	 Liguria	"	)	,
(	9	,	"	 Lombardia	"	)	,
(	10	,	"	 Marche	"	)	,
(	11	,	"	 Molise	"	)	,
(	12	,	"	 Piemonte	"	)	,
(	13	,	"	 Puglia	"	)	,
(	14	,	"	 Sardegna	"	)	,
(	15	,	"	 Sicilia	"	)	,
(	16	,	"	 Toscana	"	)	,
(	17	,	"	 Trentino-Alto Adige/Südtirol	"	)	,
(	18	,	"	 Umbria	"	)	,
(	19	,	"	 Valle d'Aosta/Vallée d'Aoste	"	)	,
(	20	,	"	 Veneto	"	)	
;

Insert into	Sales										
(	ID_transazione	,	Data_Transazione	,	ID_prodotto	,	Quantità	,	ID_regione	)	
Values											
(	1	,	'2021-6-19'	,	1	,	10	,	2	)	,
(	2	,	'2023-5-15'	,	1	,	5	,	18	)	,
(	3	,	'2023-1-10'	,	7	,	8	,	4	)	,
(	4	,	'2021-5-12'	,	4	,	12	,	6	)	,
(	5	,	'2022-7-9'	,	5	,	15	,	2	)	,
(	6	,	'2024-4-30'	,	3	,	7	,	5	)	,
(	7	,	'2023-3-12'	,	6	,	19	,	5	)	,
(	8	,	'2022-1-21'	,	2	,	21	,	6	)	,
(	9	,	'2021-8-1'	,	8	,	21	,	2	)	,
(	10	,	'2023-6-18'	,	7	,	4	,	8	)	,
(	11	,	'2023-6-6'	,	3	,	29	,	15	)	,
(	12	,	'2023-2-11'	,	2	,	15	,	2	)	,
(	13	,	'2021-10-9'	,	1	,	4	,	3	)	,
(	14	,	'2023-8-30'	,	9	,	37	,	7	)	,
(	15	,	'2021-12-22'	,	3	,	25	,	11	)	,
(	16	,	'2023-5-7'	,	2	,	38	,	7	)	,
(	17	,	'2021-5-6'	,	5	,	5	,	19	)	,
(	18	,	'2024-11-21'	,	7	,	35	,	4	)	,
(	19	,	'2023-11-6'	,	5	,	2	,	4	)	,
(	20	,	'2023-11-13'	,	1	,	16	,	17	)	,
(	21	,	'2021-7-25'	,	5	,	10	,	13	)	,
(	22	,	'2022-10-15'	,	3	,	3	,	9	)	,
(	23	,	'2024-5-30'	,	6	,	17	,	2	)	,
(	24	,	'2021-11-10'	,	2	,	10	,	6	)	,
(	25	,	'2021-9-17'	,	8	,	5	,	19	)	,
(	26	,	'2022-1-15'	,	7	,	13	,	15	)	,
(	27	,	'2021-12-24'	,	7	,	7	,	15	)	,
(	28	,	'2022-9-27'	,	5	,	36	,	9	)	,
(	29	,	'2023-8-3'	,	2	,	5	,	12	)	,
(	30	,	'2021-11-18'	,	8	,	36	,	4	)	,
(	31	,	'2024-2-20'	,	3	,	27	,	6	)	,
(	32	,	'2022-3-2'	,	3	,	12	,	4	)	,
(	33	,	'2023-8-23'	,	7	,	28	,	4	)	,
(	34	,	'2024-6-7'	,	9	,	27	,	20	)	,
(	35	,	'2024-6-15'	,	3	,	15	,	5	)	,
(	36	,	'2022-10-27'	,	6	,	26	,	11	)	,
(	37	,	'2024-4-28'	,	2	,	22	,	15	)	,
(	38	,	'2021-9-15'	,	2	,	4	,	18	)	,
(	39	,	'2024-12-24'	,	3	,	12	,	9	)	,
(	40	,	'2023-8-3'	,	3	,	40	,	4	)	,
(	41	,	'2021-4-3'	,	9	,	33	,	3	)	,
(	42	,	'2022-5-1'	,	9	,	30	,	14	)	,
(	43	,	'2023-6-8'	,	8	,	38	,	20	)	,
(	44	,	'2021-6-24'	,	8	,	35	,	2	)	,
(	45	,	'2021-12-4'	,	8	,	10	,	13	)	,
(	46	,	'2022-3-6'	,	5	,	15	,	6	)	,
(	47	,	'2024-2-7'	,	8	,	6	,	16	)	,
(	48	,	'2021-12-14'	,	5	,	8	,	8	)	,
(	49	,	'2022-5-29'	,	2	,	12	,	11	)	,
(	50	,	'2022-12-14'	,	6	,	16	,	4	)	,
(	51	,	'2023-1-19'	,	3	,	13	,	8	)	,
(	52	,	'2024-4-3'	,	9	,	37	,	12	)	,
(	53	,	'2023-2-21'	,	5	,	25	,	15	)	,
(	54	,	'2022-6-26'	,	5	,	26	,	14	)	,
(	55	,	'2021-3-27'	,	3	,	1	,	2	)	,
(	56	,	'2024-4-7'	,	9	,	4	,	13	)	,
(	57	,	'2022-11-6'	,	4	,	30	,	8	)	,
(	58	,	'2023-5-2'	,	1	,	27	,	1	)	,
(	59	,	'2024-11-27'	,	2	,	31	,	6	)	,
(	60	,	'2024-11-8'	,	9	,	21	,	3	)	,
(	61	,	'2023-2-15'	,	7	,	32	,	2	)	,
(	62	,	'2022-12-1'	,	9	,	30	,	19	)	,
(	63	,	'2021-2-1'	,	2	,	19	,	5	)	,
(	64	,	'2022-8-30'	,	1	,	27	,	17	)	,
(	65	,	'2022-8-1'	,	9	,	38	,	1	)	,
(	66	,	'2021-10-7'	,	6	,	37	,	8	)	,
(	67	,	'2021-4-12'	,	10	,	26	,	5	)	,
(	68	,	'2024-4-5'	,	9	,	31	,	15	)	,
(	69	,	'2024-5-14'	,	5	,	23	,	17	)	,
(	70	,	'2024-5-19'	,	6	,	10	,	13	)	,
(	71	,	'2024-8-2'	,	10	,	20	,	18	)	,
(	72	,	'2023-6-16'	,	1	,	24	,	19	)	,
(	73	,	'2021-11-17'	,	3	,	34	,	16	)	,
(	74	,	'2024-12-20'	,	9	,	17	,	16	)	,
(	75	,	'2024-12-23'	,	1	,	22	,	4	)	,
(	76	,	'2023-9-13'	,	3	,	33	,	3	)	,
(	77	,	'2023-10-20'	,	8	,	6	,	15	)	,
(	78	,	'2024-9-5'	,	9	,	10	,	17	)	,
(	79	,	'2023-8-19'	,	6	,	19	,	6	)	,
(	80	,	'2022-5-6'	,	6	,	15	,	2	)	,
(	81	,	'2022-6-16'	,	10	,	32	,	8	)	,
(	82	,	'2023-2-16'	,	5	,	10	,	6	)	,
(	83	,	'2024-9-12'	,	10	,	27	,	18	)	,
(	84	,	'2021-2-2'	,	9	,	5	,	18	)	,
(	85	,	'2023-11-14'	,	5	,	26	,	4	)	,
(	86	,	'2024-1-12'	,	2	,	6	,	13	)	,
(	87	,	'2024-9-9'	,	4	,	24	,	19	)	,
(	88	,	'2023-4-28'	,	4	,	19	,	20	)	,
(	89	,	'2023-3-2'	,	8	,	19	,	8	)	,
(	90	,	'2023-12-8'	,	4	,	11	,	9	)	,
(	91	,	'2021-6-17'	,	3	,	1	,	12	)	,
(	92	,	'2022-10-11'	,	4	,	32	,	8	)	,
(	93	,	'2021-8-14'	,	2	,	5	,	16	)	,
(	94	,	'2023-8-26'	,	6	,	39	,	15	)	,
(	95	,	'2024-1-3'	,	4	,	2	,	12	)	,
(	96	,	'2024-5-25'	,	2	,	16	,	11	)	,
(	97	,	'2021-3-21'	,	4	,	36	,	3	)	,
(	98	,	'2021-12-28'	,	10	,	4	,	7	)	,
(	99	,	'2023-4-22'	,	8	,	38	,	2	)	,
(	100	,	'2024-10-7'	,	1	,	18	,	11	)	,
(	101	,	'2024-8-28'	,	5	,	30	,	13	)	,
(	102	,	'2024-3-6'	,	5	,	39	,	14	)	,
(	103	,	'2022-9-9'	,	4	,	6	,	18	)	,
(	104	,	'2022-2-14'	,	1	,	30	,	2	)	,
(	105	,	'2023-10-21'	,	3	,	30	,	15	)	,
(	106	,	'2021-7-5'	,	2	,	18	,	18	)	,
(	107	,	'2023-2-23'	,	9	,	18	,	17	)	,
(	108	,	'2023-5-17'	,	10	,	18	,	10	)	,
(	109	,	'2022-6-28'	,	3	,	17	,	12	)	,
(	110	,	'2021-1-26'	,	10	,	33	,	9	)	,
(	111	,	'2022-8-22'	,	9	,	18	,	6	)	,
(	112	,	'2024-11-28'	,	6	,	37	,	18	)	,
(	113	,	'2024-1-25'	,	1	,	30	,	13	)	,
(	114	,	'2021-9-12'	,	9	,	40	,	13	)	,
(	115	,	'2024-4-19'	,	9	,	38	,	15	)	,
(	116	,	'2021-8-26'	,	9	,	12	,	12	)	,
(	117	,	'2021-3-20'	,	6	,	8	,	18	)	,
(	118	,	'2021-8-26'	,	6	,	1	,	6	)	,
(	119	,	'2022-5-5'	,	2	,	14	,	14	)	,
(	120	,	'2021-11-15'	,	10	,	33	,	6	)	,
(	121	,	'2022-7-4'	,	3	,	26	,	20	)	,
(	122	,	'2023-8-23'	,	7	,	32	,	8	)	,
(	123	,	'2023-8-2'	,	8	,	38	,	13	)	,
(	124	,	'2023-9-18'	,	1	,	17	,	5	)	,
(	125	,	'2022-11-20'	,	6	,	18	,	1	)	,
(	126	,	'2022-12-9'	,	2	,	33	,	19	)	,
(	127	,	'2022-6-12'	,	1	,	5	,	19	)	,
(	128	,	'2024-4-4'	,	7	,	30	,	14	)	,
(	129	,	'2021-1-2'	,	3	,	14	,	13	)	,
(	130	,	'2023-5-8'	,	5	,	33	,	5	)	,
(	131	,	'2022-7-17'	,	5	,	7	,	15	)	,
(	132	,	'2022-10-20'	,	3	,	21	,	15	)	,
(	133	,	'2024-5-18'	,	9	,	37	,	8	)	,
(	134	,	'2021-1-16'	,	5	,	25	,	15	)	,
(	135	,	'2021-5-3'	,	7	,	26	,	7	)	,
(	136	,	'2023-8-11'	,	10	,	15	,	9	)	,
(	137	,	'2022-8-16'	,	10	,	19	,	8	)	,
(	138	,	'2021-8-2'	,	10	,	40	,	11	)	,
(	139	,	'2024-5-17'	,	2	,	18	,	17	)	,
(	140	,	'2021-9-26'	,	4	,	7	,	5	)	,
(	141	,	'2021-7-28'	,	4	,	6	,	2	)	,
(	142	,	'2024-10-6'	,	2	,	28	,	12	)	,
(	143	,	'2023-10-23'	,	3	,	24	,	20	)	,
(	144	,	'2024-4-9'	,	5	,	19	,	6	)	,
(	145	,	'2023-2-28'	,	7	,	15	,	7	)	,
(	146	,	'2024-6-11'	,	6	,	10	,	19	)	,
(	147	,	'2024-12-6'	,	4	,	18	,	3	)	,
(	148	,	'2022-9-16'	,	2	,	28	,	15	)	,
(	149	,	'2024-8-15'	,	7	,	12	,	15	)	,
(	150	,	'2024-7-19'	,	9	,	27	,	16	)	,
(	151	,	'2023-10-4'	,	7	,	16	,	17	)	,
(	152	,	'2022-8-26'	,	6	,	9	,	3	)	,
(	153	,	'2023-11-7'	,	2	,	35	,	5	)	,
(	154	,	'2021-3-23'	,	3	,	22	,	4	)	,
(	155	,	'2022-8-26'	,	4	,	8	,	2	)	,
(	156	,	'2024-12-4'	,	9	,	6	,	17	)	,
(	157	,	'2021-7-5'	,	9	,	20	,	7	)	,
(	158	,	'2024-4-11'	,	8	,	27	,	15	)	,
(	159	,	'2024-10-14'	,	7	,	7	,	14	)	,
(	160	,	'2021-3-5'	,	3	,	20	,	17	)	,
(	161	,	'2023-7-3'	,	1	,	29	,	11	)	,
(	162	,	'2023-3-29'	,	5	,	5	,	16	)	,
(	163	,	'2022-2-23'	,	6	,	33	,	4	)	,
(	164	,	'2022-3-28'	,	10	,	36	,	3	)	,
(	165	,	'2021-7-10'	,	4	,	29	,	20	)	,
(	166	,	'2022-2-22'	,	1	,	36	,	2	)	,
(	167	,	'2023-10-3'	,	6	,	3	,	12	)	,
(	168	,	'2024-2-12'	,	8	,	27	,	10	)	,
(	169	,	'2021-1-25'	,	10	,	28	,	7	)	,
(	170	,	'2023-8-5'	,	8	,	22	,	7	)	,
(	171	,	'2023-3-3'	,	10	,	22	,	9	)	,
(	172	,	'2022-6-27'	,	5	,	23	,	6	)	,
(	173	,	'2024-7-5'	,	5	,	19	,	3	)	,
(	174	,	'2021-5-18'	,	5	,	9	,	10	)	,
(	175	,	'2024-2-2'	,	9	,	3	,	8	)	,
(	176	,	'2021-3-24'	,	5	,	2	,	15	)	,
(	177	,	'2023-3-26'	,	6	,	29	,	8	)	,
(	178	,	'2024-8-9'	,	8	,	25	,	6	)	,
(	179	,	'2023-12-6'	,	1	,	10	,	9	)	,
(	180	,	'2024-11-25'	,	4	,	10	,	11	)	,
(	181	,	'2024-12-17'	,	4	,	34	,	14	)	,
(	182	,	'2024-6-11'	,	8	,	24	,	8	)	,
(	183	,	'2024-9-7'	,	3	,	17	,	19	)	,
(	184	,	'2022-4-21'	,	8	,	17	,	11	)	,
(	185	,	'2024-10-15'	,	7	,	2	,	3	)	,
(	186	,	'2022-2-17'	,	4	,	21	,	1	)	,
(	187	,	'2024-10-12'	,	1	,	1	,	20	)	,
(	188	,	'2024-2-8'	,	5	,	4	,	19	)	,
(	189	,	'2024-2-14'	,	4	,	17	,	6	)	,
(	190	,	'2023-7-23'	,	9	,	16	,	10	)	,
(	191	,	'2021-6-10'	,	4	,	19	,	16	)	,
(	192	,	'2022-6-1'	,	1	,	18	,	6	)	,
(	193	,	'2022-11-21'	,	4	,	1	,	2	)	,
(	194	,	'2021-11-21'	,	9	,	17	,	4	)	,
(	195	,	'2021-11-1'	,	2	,	21	,	4	)	,
(	196	,	'2021-9-27'	,	8	,	17	,	1	)	,
(	197	,	'2024-6-13'	,	4	,	19	,	15	)	,
(	198	,	'2024-2-10'	,	5	,	28	,	3	)	,
(	199	,	'2024-1-20'	,	6	,	38	,	7	)	,
(	200	,	'2024-9-14'	,	10	,	6	,	10	)	




